CREATE DATABASE hotel_main_test;
USE hotel_main_test;

SET SQL_MODE = "NO_AUTO_VALUE_ON_ZERO";
START TRANSACTION;
SET time_zone = "+00:00";


CREATE TABLE `hotels` (
  `hotel_id` int NOT NULL,
  `hotel_name` varchar(100) NOT NULL,
  `address` text,
  `province_id` int NOT NULL,
  `star_rating` int NOT NULL DEFAULT '3'
) ENGINE=InnoDB DEFAULT CHARSET=utf8mb4 COLLATE=utf8mb4_0900_ai_ci;

--
-- Dumping data for table `hotels`
--

INSERT INTO `hotels` (`hotel_id`, `hotel_name`, `address`, `province_id`, `star_rating`) VALUES
(1, 'พอส แอนด์ เพลย์ โฮเทล (Pause and Play Hotel)', '108/45 หมู่ที่ 2 ถนนคลองชลประทาน ตำบลช้างเผือก อำเภอเมือง จังหวัดเชียงใหม่ 50300', 1, 3),
(2, 'นันทรา เชียงใหม่ ริเวอร์ฟรอนต์ (Nantra Chiangmai Riverfront)', '9/9 ถนนป่าแดด ตำบลป่าแดด อำเภอเมือง จังหวัดเชียงใหม่ 50100', 1, 3),
(3, 'วัน บัดเจท เชียงราย พหลโยธิน (One Budget Chiangrai Phahonyothin)', '118 หมู่ 10 ตำบลสันทราย อำเภอเมือง จังหวัดเชียงราย 57000', 2, 3),
(4, 'ลักษวรรณ บูทิก (Luck Swan Boutique)', '225 หมู่ที่ 4 ถ. กลางเวียง ตำบลริมกก อำเภอเมืองเชียงราย เชียงราย 57100', 2, 3),
(5, 'โรงแรมมีสุข เชียงราย (Meesuk ChiangRai Hotel)', '125/10 หมู่ 20 ตำบลรอบเวียง อำ้ภอเมือง จังหวัดเชียงราย 57000', 2, 3),
(6, 'โรงแรมเชียงราย (Chiang Rai Hotel)', '519 ถนนสุขสถิตย์ ตำบลเวียง อำเภอเมือง จังหวัดเชียงราย 57000', 2, 3),
(7, 'เบด-เฟรนด์ พอชเทล (BED-FRIENDS POSHTEL)', '897/20-25 ถนนพหลโยธิน ตำบลเวียง อำเภอเมืองเชียงราย จังหวัดเชียงราย 57000', 2, 3),
(8, 'เดอะเกรทวินเทอร์ (The Great Winter)', '84/1 หมู่13 ตำบลรอบเวียง อำเภอเมือง จังหวัดเชียงราย 57000', 2, 3),
(9, ' โรงแรมเวียงภูมินทร์ (Wiangphumin Hotel)', '3/1 ซอย2 ถนนผากอง ตำบลในเวียง อำเภอเมือง จังหวัดน่าน 55000', 6, 3),
(10, 'โรงแรมสุขเกษม (Sukkasem Hotel)', '119-121ถนนอนันตวรฤทธิเดช ตำบลในเวียง อำเภอเมืองน่าน จังหวัดน่าน 55000', 6, 3),
(11, 'โรงแรมไวท์เฮ้าส์ ( White House Hotel )', '333/3 หมู่7 ถนนพหลโยธิน ตำบลไม้งาม อำเภอเมืองตาก จังหวัดตาก 63000 ', 9, 3),
(12, 'โรงแรมแม่สอดศิริ (Maesot Siri Hotel)', '56/20 ถนนอินทรคีรี ตำบลแม่สอด อำเภอแม่สอด จังหวัดตาก 63110', 9, 3),
(13, 'โรงแรม ณ สุโขทัย( Na Sukhothai Hotel )', '94/2 ถนนประเวศนคร ตำบลธานี อำเภอเมืองสุโขทัย จังหวัดสุโขทัย 64000', 12, 3),
(14, 'เดอ มาลา (De MALA)', '456 หมู่ 7 ซอยรุกขมูล2 ตำบลกลางดง อำเภอทุ่งเหลี่ยม จังหวัดสุโขทัย 64150', 12, 3),
(15, 'อุไทย เฮอริเทจ โฮเทล (Uthai Heritage Hotel)', '205/19 ซอยศรีอุทัย 11 ตำบลอุทัยใหม่ อำเภอเมืองอุทัยธานี จังหวัดอุทัยธานี 61000', 15, 3),
(16, 'มายอุทัยโฮเทล (My Uthai Hotel)', '123/7 ถนนรักการดี ตำบลอุทัยใหม่ อำเภอเมืองอุทัยธานี จังหวัดอุทัยธานี 61000', 15, 3),
(17, 'โรงแรมตามสบาย (Tamsabai Hotel)', '150/1 หมู่4 ตำบลนครสวรรค์ออก อำเภอเมืองนครสวรรค์ จังหวัดนครสวรรค์ 60000', 17, 3),
(18, 'โรงแรมโบนิโต้ ชิโนส์ (Bonito Chinos Hotel)', '314/29 ถนนสวรรค์วิถี ตำบลปากน้ำโพ อำเภอเมืองนครสวรรค์ จังหวัดนครสวรรค์ 60000', 17, 3),
(19, 'โรงแรมกู๊ด นครสวรรค์ (GOOD Nakhonsawan Hotel)', '67/98 หมู่6 ตำบลนครสวรรค์ออก อำเภอเมืองนครสวรรค์ จังหวัดนครสวรรค์ 60000', 17, 3),
(20, 'โรงแรมเอสอาร์ เรสซิเดนซ์ (SR Residence Hotel)', '888/9 หมู่ 2 ถนนเพชรบุระ ตำบลสะเดียง อำเภอเมืองเพชรบูรณ์ จังหวัดเพชรบูรณ์ 67000', 18, 3),
(21, 'วรฉัตร บูทีค โฮเทล (Worachat Boutique Hotel)', '88/8 ตำบลวัดป่า อำเภอหล่มสัก จังหวัดเพชรบูรณ์ 67110', 18, 3),
(22, 'โรงแรมออลไทม์ (Hotel ALL TIMES)', '426 หมู่4 ซอยซับสมอทอด-วังพิกุล ตำบลซับสมอทอด อำเภอบึงสามพัน จังหวัดเพชรบูรณ์ 67160', 18, 3),
(23, 'กัสเซอร์ พาร์ค แอนด์ เรสซิเดนซ์ (Gasser Park & Residence)', '572/3 ถนนหน้าเมือง ตำบลในเมือง อำเภอเมืองขอนแก่น, ขอนแก่น', 19, 3),
(24, 'บีทู ขอนแก่น บูติค แอนด์ บัดเจท โฮเทล (B2 Khon Kaen Boutique & Budget Hotel)', '444 หมู่ 4 ตำบลในเมือง อำเภอเมือง ขอนแก่น', 19, 3),
(25, 'โรงแรมกู๊ดเดย์ (Goodday Hotel)', '164/24 ตำบลในเมือง อำเภอเมืองขอนแก่น, ขอนแก่น', 19, 3),
(26, 'โรงแรมเดอะ เลค ขอนแก่น (The Lake Hotel Khon Kaen) ', '666 ม.8 ถนนเหล่านาดี ตำบลเมืองเก่า อำเภอเมืองขอนแก่น, จังหวัดขอนแก่น', 19, 3),
(27, 'โรงแรมอัญชันลากูน่า (Anchan Laguna Hotel)', '966 หมู่ 3 ถนนรอบหนองกินหมู ตำบลศิลา อำเภอเมืองขอนแก่น, ขอนแก่น', 19, 3),
(28, 'โรงแรมโอเชียนวิว ขอนแก่น (Ocean View Khonkaen Hotel)', '8/10, ตัวเมืองขอนแก่น, ขอนแก่น', 19, 3),
(29, 'โรงแรมนีโอ ขอนแก่น (Neo Hotel)', '105 ซอย ชัยณรงค์ ตำบลในเมือง อำเภอเมืองขอนแก่น, ขอนแก่น', 19, 3),
(30, 'คุ้มแก้ว อุดร (Kumkaew Udon)', '146/1 ถนนศรีสุข ตำบลหมากแข้ง อำเภอเมือง อุดรธานี จังหวัดอุดรธานี ', 20, 3),
(31, 'ดรีมแฟคทอรีโฮเทลแอนด์รูฟท็อปบาร์ (Dream Factory Hotel & Rooftop Bar)', '323/20 ม.6 ซ.แวร์ซาย 2 ต.หมากแข้ง อ.เมืองอุดรธานี จ.อุดรธานี', 20, 3),
(32, 'บีทู อุดร บูทิก แอนด์ บัดเจ็ต โฮเต็ล (B2 Udon Thani Boutique and Budget Hotel)', '284/29 หมู่ 9 ซอยบ้านหนองเหล็ก ตำบลหมากแข้ง อำเภอเมือง จังหวัดอุดรธานี', 20, 3),
(33, 'โรงแรมดิ เอท อุดรธานี (The 8 Hotel Udonthani)', '14/5 ซอย สัมพันธมิตร ตำบลหมากแข้ง อำเภอเมืองอุดรธานี อุดรธานี', 20, 3),
(34, 'ชิบะรูม นครราชสีมา เซ็นทรัล โคราช (SHIBAROOM Nakhonratchasima Central Korat)', 'หอพัก วี.ยู.เพลส, 484 ถนนมิตรภาพ  เมืองนครราชสีมา, นครราชสีมา 30000', 21, 5),
(35, 'เซ็นทารา โคราช (Centara Korat)', '880 ถนนมิตรภาพ เมืองนครราชสีมา, นครราชสีมา', 21, 5),
(36, 'โรงแรมเซ็นเตอร์พอยท์ เทอร์มินอล21 โคราช (Centre Point Hotel Terminal21 Korat)', 'ถนนมิตรภาพ , เมืองนครราชสีมา, นครราชสีมา', 21, 3),
(37, 'อนาคิน บูทิก โฮเต็ล (Anakin Boutique Hotel)', '249/9 ถนนกีฬากลาง เมืองนครราชสีมา, นครราชสีมา', 21, 3),
(38, 'เดอะ ไรซ์ โฮเทล (The Rice Hotel)', '6 หมู่ 11 ถนนร้อยเอ็ด-กาฬสินธ์ ตำบลเหนือเมือง อำเภอเมือง, ร้อยเอ็ด', 22, 3),
(39, 'เดอะเบดโฮเต็ล101 (Thebedhotel101)', '52 Rob Mueang Road ตัวเมืองร้อยเอ็ด, ร้อยเอ็ด', 22, 3),
(40, 'โรงแรม อะ เดย์ (A Day Hotel)', '602 หมู่ที่ 17 ตำบลเหนือเมือง อำเภอร้อยเอ็ด, ร้อยเอ็ด', 22, 3),
(41, 'THE CHIC 101 HOTEL', '211 หมู่ 6 ตำบลกลาง อำเถอเสลภูมิ, ร้อยเอ็ด', 22, 3),
(42, 'กระดังงา บูติค อินน์ (Kradung-nga Boutique Inn)', '298 หมู่ 4 ตำบลสิ อำเภอขุนหาญ, ศรีสะเกษ', 23, 3),
(43, 'แกลเลอรี ดีไซน์ โฮเทล ศรีสะเกษ (Gallery Design Hotel Sisaket)', '1199 ถนนอุบล ตำบลเมืองใต้ อำเภอเมือง, ศรีสะเกษ', 23, 3),
(44, 'บุญศิริบูติกโฮเต็ล (Boonsiri Boutique Hotel)', '1191/3 ถนนวิจิตรนคร ตำบลเมืองเหนือ อำเภอเมือง, ศรีสะเกษ', 23, 3),
(45, 'โรงแรมคุ้มล้านนา (Khum Lanna Boutique Hotel)', '409 ตำบลหนองไผ่ อำเภอเมืองศรีสะเกษ, ศรีสะเกษ', 23, 3),
(46, 'โรงแรมเวียงโขง (ViengKhong Hotel)', '229 สำราญชายโขงใต้ ตำบลศรีบุญเรือง อำเภอเมือง, มุกดาหาร', 24, 3),
(47, 'โรงแรมเดอ ลัดดา (Hotel de Ladda)', '77 ถนนสำราญชายโขงใต้ ตำบลศรีบุญเรือง อำเภอเมือง, มุกดาหาร', 24, 3),
(48, 'โรงแรมริเวอร์ฟร้อนท์ มุกดาหาร (Riverfront Hotel Mukdahan)', '22 ถนนสำราญชายโขงใต้ ตำบลศรีบุญเรือง อำเภอเมือง, มุกดาหาร', 24, 3),
(49, 'โฮเทลมุก (HOTEL MUQ)', '33/333 Chayangkoon Street ตัวเมืองมุกดาหาร, มุกดาหาร', 24, 3),
(50, 'เซ็นทารา อุบล (Centara Ubon )', '355 ตำบล แจระแม อำเภอเมืองอุบลราชธานี จังหวัดอุบลราชธานี', 25, 3),
(51, 'โรงแรมกัญธิญา การ์เด้น - Kanthiya garden hotel', '228 หมู่ที่ 10 ตำบลสีวิเชียร อำเภอน้ำยืน จังหวัดอุบลราชธานี', 25, 3),
(52, 'โรงแรมเดอะพราวด์ (The Proud Hotel)', '42/4 ซ.ชยางกูร40 ถนนชยางกูร ต.ในเมือง อ.เมือง จ.อุบลราชธานี', 25, 3),
(53, 'โรงแรมนาถสิริ (Nartsiri Hotel)', '171 ถนน จงกลนิธารณ์ ตำบลในเมือง อำเภอเมือง ตัวเมืองอุบลราชธานี จังหวัดอุบลราชธานี', 25, 3),
(54, 'โรงแรมเป็นตาฮัก (Pentahug Hotel)', '13 ซอยสุขขาอุปภัมภ์ 9 ตำบลในเมือง อำเภอเมือง จังหวัดอุบลราชธานี', 25, 3),
(55, 'โรงแรมระพีพรรณวิลล์ (Rapeepan Ville Hotel)', '9 ซอย สุขาอุปถัมภ์ 11 ถนนสุขาอุปถัมภ์ อำเภอเมือง, จังหวัดอุบลราชธานี', 25, 3),
(56, 'ภูพานเพลซ (Phuphanplace)', ' 1-6 ใจกลางเมืองสกลนคร, สกลนคร', 26, 3),
(57, 'โรงแรมยู สไตล์ (U Style Hotel)', '65 ถนนนิตโย ตำบลธาตุนาเวง อำเภอเมือง, สกลนคร', 26, 3),
(58, 'โชคดีเพลส (Chokdee Place)', '64/11 ถนนสกลนคร-กาฬสินธุ์ ตำบลธาตุเชิงชุม อำเภอเมือง, สกลนคร', 26, 3),
(59, 'เอ็นเค เรสซิเดนซ์ สกลนคร (NK Residence Sakon Nakhon)', '41 ถนนนิตโย ตำบลธาตุเชิงชุม อำเภอเมืองสกลนคร, สกลนคร', 26, 3),
(60, 'โรงแรมกลางเมือง แอท หนองคาย (Klang Muang @ Nongkhai Hotel)', '823 ถ.บรรเทิงจิต ตำบลในเมือง อำเภอเมืองหนองคาย จังหวัดหนองคาย', 27, 3),
(61, 'โรงแรมคริสตัล หนองคาย (Crystal Palace Hotel Nongkhai)', '456 ซอยดอนโพธิ์ 1 ถ.พนังชลประทาน ตำบลมีชัย อำเภอเมือง จังหวัดหนองคาย', 27, 3),
(62, 'โรงแรมรอยัล นาคารา หนองคาย (Royal Nakhara Hotel Nongkhai)', '678 หมู่ 4 ถนน มีชัย อำเภอเมืองหนองคาย จังหวัดหนองคาย', 27, 3),
(63, 'โรงแรมไวท์อินน์ หนองคาย (White Inn Nongkhai)', '1299 ถ.ประจักษ์ ซอยนิตะพัตน์ ตำบลในเมือง อำเภอเมืองหนองคาย จังหวัดหนองคาย', 27, 3),
(64, 'โรงแรมอัศวรรณ (Asawann Hotel)', '9 หมู่ 10 ตำบล โพธิ์ชัย อำเภอเมืองหนองคาย หนองคาย', 27, 3),
(65, 'โรงแรมดีพร้อม (Dee Prom Hotel)', '333/9 ถนนบรรณาการ ตำบลในเมือง อำเภอตัวเมืองชัยภูมิ, ชัยภูมิ', 29, 3),
(66, 'โรงแรมต้นคูณ (Tonkhoon Hotel)', '379 ถนนบรรณาการ ตำบลในเมือง อำเภอตัวเมืองชัยภูมิ, ชัยภูมิ', 29, 3),
(67, 'โรงแรมบ้านมะลิ ฮิลล์ เรสซิเด้นท์', '166 ตำบลหนองไผ่ อำเภอแก้งคร้อ, ชัยภูมิ', 29, 3),
(68, 'โรงแรมรัตนศิริ (RATANASIRI HOTEL)', ' 677/11 ถนนโนนม่วง ตำบลในเมือง อำเภอเมืองชัยภูมิ, ชัยภูมิ', 29, 3),
(69, 'ชฎา วิว รีสอร์ต (Chada View Resort)', '59/44 ถนนเกษตรสมบูรณ์ ตำบลกาฬสินธุ์ อำเภอเมือง กาฬสินธุ์', 30, 3),
(70, 'ไดโน สตูดิโอ ลักชัวรี โฮมสเตย์ (Dino Studio Luxury Homestay)', '152/7 ถนนชัยสุนทร อำเภอเมือง จังหวัดกาฬสินธ์', 30, 3),
(71, 'นับทอง เรสซิเดนซ์ (Nub Thong Residence)', '1/11 ถนน ประชาสามัคคี ตำบลกาฬสินธุ์ อำเภอเมืองกาฬสินธุ์ จังหวัดกาฬสินธุ์', 30, 3),
(72, 'โรงแรมไพบูลย์เพลส (Phaiboonplace Hotel)', '125/3-4 ถนน โสมพะมิตร, ตัวเมืองกาฬสินธุ์, กาฬสินธุ์', 30, 3),
(73, 'บุณดารา บูทีค โฮเทล (Boondara Boutique Hotel)', '306/7 ถนนตโย ตำบลหนองญาติ อำเภอเมือง, นครพนม', 31, 3),
(74, 'โรงแรมฟอร์จูน ริเวอร์วิว นครพนม (Fortune River View Hotel Nakhon Phanom)', '9 ถนนนครพนม-ธาตุพนม ตำบลเมืองนครพนม, นครพนม', 31, 3),
(75, 'โรงแรมสยามแกรนด์ (Siamgrand Hotel)', '218/3 ถนนนครพนม-ท่าอุเทน อำเภอเมือง, นครพนม', 31, 3),
(76, 'โรงแรมไอ (I Hotel)', ' 136 หมู่ 14 ถนนชยางกูร ตำบลท่าค้อ อำเภอเมืองนครพนม, นครพนม', 31, 3),
(77, 'เวลาดี นครพนม (VELA Dhi Nakhon Phanom)', '19 นครพนม-ถนนธาตุพนม ตำบลในเมือง อำเภอเมืองนครพนม, นครพนม ', 31, 3),
(78, 'นอร์ดิกเฮ้าส์ แอนด์ คอฟฟี่หนองบัวลำภู', '46 หมู่1 ตำบลโพธิ์ชัย อำเภอเมือง จังหวัดหนองบัวลำภู', 32, 3),
(79, 'เมืองนางธานี แกรนด์', '103 หมู่ 10 ตำบลลำภู อำเภอเมืองหนองบัวลำภู จังหวัดหนองบัวลำภู', 32, 3),
(80, 'เดอบัว ไวท์ เฮาส์ (Debua White House)', '31 ซอยศรีสวัสดิ์ดำเนิน6 ถนนศรีสวัสดิ์ดำเนิน, ตำบลตลาด อำเภอเมือง, มหาสารคาม', 33, 3),
(81, 'โรงแรมตักศิลา (Taksila Hotel)', '1227 / 68 ถนนสมถวิลราษฐ์ ตำบลตลาด อำเภอเมือง, มหาสารคาม', 33, 3),
(82, 'โรงแรมสยามธารา พาเลซ (Siamtara Palace Hotel)', '185 หมู่ 14 ตำบลเกิ้ง อำเภอเมืองมหาสารคาม, มหาสารคาม', 33, 3),
(83, 'ฮ็อป อินน์ มหาสารคาม (HOP INN Mahasarakham)', '27/8 ถนนนครสวรรค์ ตำบลตลาด อำเภอเมืองมหาสารคาม, มหาสารคาม', 33, 3),
(84, 'Ketsara Hotel', 'ซอยนครสวรรค์ 22 ตำบลตลาด อำเภอเมืองมหาสารคาม, มหาสารคาม', 33, 3),
(85, 'บีทู บุรีรัมย์ บูทิก แอนด์ บัดเจ็ต โฮเต็ล (B2 Buriram Boutique and Budget Hotel)', '33/5 ถนนอนุวงศ์ อำเภอเมืองบุรีรัมย์, บุรีรัมย์', 34, 3),
(86, 'โรงแรมเดอะ เซอร์เคิล (The Circle Hotel)', '254 Soi 2 Jiranakorn Road, T. Isan, A. Mueang, Buriram', 34, 3),
(87, 'โรงแรมแอกเนส (HOTEL AGNES)', '3/34 ซอยธานี 3 ตำบลในเมือง อำเภอเมืองบุรีรัมย์, บุรีรัมย์', 34, 3),
(88, 'สโนว์ เฮาส์ บุรีรัมย์ (Snow House Buriram)', '527/99 จิระนคร ซอย 4 ตำบลในเมือง อำเภอเมือง, บุรีรัมย์', 34, 3),
(89, 'เดอะ โมเดล การ์เดน (The Model Garden)', '555 ถนนอรุณประเสริฐ ศูนย์การค้า, ยโสธร', 35, 3),
(90, 'โรงแรมเจพี เอมเมอรัลด์ (JP Emerald Hotel)', '36 ถนนประปา ตำบลในเมือง อำเภอเมือง ศูนย์การค้า, ยโสธร', 35, 3),
(91, 'โรงแรมช้างใหญ่ใจดี', '468 25 ถนนเลี่ยงเมือง ตำบลในเมือง อำเภอเมืองยโสธร, ยโสธร', 35, 3),
(92, 'The Zen Hotel Yasothon', '245 ตำบลในเมือง อำเภอเมืองยโสธร, ยโสธร', 35, 3),
(93, 'เดอะ โคซี โฮเต็ล (The Cozy Hotel)', '157 ม.2 ตำบลศรีสงคราม อำเภอวังสะพุง, เลย', 36, 3),
(94, 'มาร์เบิล อาร์ช เดอ เลย โฮเทล (Marble Arch De Loei Hotel)', '8/8 ถนนเลย-เชียงคาน ตำบลกุดป่อง อำเภอเมืองเลย, เลย', 36, 3),
(95, 'โรงแรมฟอร์จูน ดี เลย (Fortune D Loei Hotel)', '55/22 ถนนมลิวรรณ ตำบลกุดป่อง อำเภอเมือง, เลย', 36, 3),
(96, 'โรงแรมเลยพาเลซ (Loei Palace Hotel)', '167/4 ถนนเจริญรัฐ ตำบลกุดป่อง อำเภอเมืองเลย, เลย', 36, 3),
(97, 'The Vienna place hotel', '19/28 ซอย เลย-เชียงคาน 1 กุดป่อง อำเภอเมืองเลย, เลย', 36, 3),
(98, 'โรงแรมบีลีฟ (Beelive Hotel)', '77/9 หมู่ 13 ตำบลนอกเมือง อำเภอเมืองสุรินทร์ จังหวัดสุรินทร์', 37, 3),
(99, 'โรงแรมมณีโรจน์ สุรินทร์ (Maneerote Hotel Surin)', '11/1 ซอย ปอยตังกอ ถนน กรุงศรีใน ตำบลในเมือง อำเภอเมือง จังหวัดสุรินทร์', 37, 3),
(100, 'โรงแรมออร์คิด สุรินทร์ (Orchid Surin Hotel)', 'ถนนรุ่งกิจ ตำบลในเมือง อำเภอเมืองสุรินทร์ จังหวัดสุรินทร์', 37, 3),
(101, 'เอส เฮ้าส์ โฮเทล สุรินทร์ (S-House Hotel Surin)', '380 หมู่ที่ 16 ตำบลสลักได อำเภอเมืองสุรินทร์ จังหวัดสุรินทร์', 37, 3),
(102, 'นครินทร์ โฮเทล (Nakarin Hotel)', '300 หมู่10ตำบล ตำบล บุ่ง อำเภอเมืองอำนาจเจริญ จังหวัดอำนาจเจริญ', 38, 3),
(103, 'โรงแรมบ้านเปรมศิริ', '564 ม.12 ถ.อรุณประเสริฐ ตำบลบุ่ง อำเภอเมืองอำนาจเจริญ จังหวัดอำนาจเจริญ', 38, 3),
(104, 'โรงแรมบ้านอิงดาน (Baan Ing Daan)', '791 หมู่ 16 ตำบลบุ่ง อำเภอเมือง จังหวัดอำนาจเจริญ', 38, 3),
(105, 'โรงแรมนารา (Narra hotel)', '168ซอย แจ้งวัฒนะ 13 แขวงทุ่งสองห้อง เขตหลักสี่, กรุงเทพมหานคร 10210', 39, 3),
(106, 'โรงแรม อมารี ดอนเมือง แอร์พอร์ต กรุงเทพ (Amari Don Muang Airport Bangkok Hotel )', '333 ถนนเชิดวุฒากาศ แขวงดอนเมือง เขตดอนเมือง, กรุงเทพมหานคร 10210', 39, 3),
(107, 'โรงแรมเจซี เควิน สาทร กรุงเทพฯ (JC KEVIN SATHORN BANGKOK HOTEL)', '36 ถนนนราธิวาส-ราชนครินทร์ แขวงยานนาวา เขตสาทร, กรุงเทพมหานคร 10120', 39, 3),
(108, 'โรงแรมโซลาเรีย นิชิเท็ตซึ กรุงเทพฯ (Solaria Nishitetsu Hotel Bangkok)', '1 ซอยสุขุมวิท 14 คลองเตย, กรุงเทพมหานคร 10110', 39, 3),
(109, 'วีเอสที เรสซิเดนซ์ (VST Residence)', '16 ซอยมังกร ตำบลเทพารักษ์ อำเภอเมืองสมุทรปราการ, สมุทรปราการ 10270', 40, 3),
(110, 'โรงแรมกู๊ดไนน์ (Good Nine Hotel)', '68 หมู่ที่ 6 บางนาตราด ตำบลบ้านระกาศ อำเภอบางบ่อ, สมุทรปราการ 10560', 40, 3),
(111, 'โรงแรมวารีลา (Warila Hotel)', '99/99 ซอยโรงพยาบาลเปาโล ถนนศรีนครินทร์ ตำบลบางเมือง อำเภอเมือง, สมุทรปราการ 10270', 40, 3),
(112, 'โรงแรมเซ็น นครปฐม (Xen Hotel Nakhon Pathom)', '528/330 ถนนราชมรรคา สนามจันทร์ ตำบลพระปฐมเจดีย์ อำเภอเมืองนครปฐม, นครปฐม 73000', 41, 3),
(113, 'โรงแรมเดอะ มิวเซียม (the museum hotel)', '333 ซอยสนามจันทร์ 6/1 ตำบลสนามจันทร์ เมืองนครปฐม, นครปฐม 73000', 41, 3),
(114, 'โรงแรมนีรา รีทรีท (neera retreat hotel)', '1/3 ตำบลท่าตลาด อำเภอสามพราน, นครปฐม 73110', 41, 3),
(115, 'BB HOUSE Rangsit', '46/44 หมู่4 ถนนพหลโยธิน ตำบลคลองหนึ่ง อำเภอคลองหลวง, ปทุมธานี 12120', 42, 3),
(116, 'โรงแรมวัน (ONE Hotel)', '8/345 หมู่ที่ 14 ตำบลคลองหนึ่ง อำเภอคลองหลวง, ปทุมธานี 12120', 42, 3),
(117, 'ลูก้า เฮาส์ (Luka House)', '63/19 หมู่ที่21 ตำบลลำลูกกา อำเภอลำลูกกา, ปทุมธานี 12150', 42, 3),
(118, 'โรงแรมลิม่า (Lima Hotel)', '139 หมู่ 2 ตำบลบ้านเกาะ อำเภอพระนครศรีอยุธยา, พระนครศรีอยุธยา 13000', 43, 3),
(119, 'โรงแรมพร้อมสุข อยุธยา (Phromsuk Hotel Ayutthaya)', '11/44-45 ถนนปรีดีพนมยงค์ ตำบลหอรัตนไชย อำเภอพระนครศรีอยุธยา, อยุธยา 13000', 43, 3),
(120, 'มายุ อยุธยา โฮเทล (Mayuu Ayutthaya Hotel)', '99 หมู่ 7 คลองสวนพลู ตำบลคลองสวนพลู อำเภอพระนครศรีอยุธยา, อยุธยา 13000', 43, 3),
(121, 'เดอะ ภีม โฮเทล (The Peem Hotel)', '93 หมู่10 ตำบลป่าขะ อำเภอบ้านนา, นครนายก 26110', 44, 3),
(122, 'E2S เพลส (E2S Place)', '181 หมู่3 ตำบลพรหมณี อำเภอเมืองนครนายก, นครนายก 26000', 44, 3),
(123, 'โรงแรมเมืองเพรียวอินน์ (Mueang Phriao Inn Hotel)', '12 ถนนเทศบาล6 ตำบลปากเพรียว อำเภอเมือง, สระบุรี 18000', 45, 3),
(124, 'พีเอส โฮเทล สระบุรี (PS Hotel Saraburi)', '11/14 หมู่13 ตำบลพระพุทธบาท อำเภอพระพุทธบาท, สระบุรี 18120', 45, 3),
(125, 'Chuan Chom The High Resort', '46/5 ถนนเทศบาล 8 ตำบลปากเพรียว อำเภอเมืองสระบุรี, สระบุรี 18000 ', 45, 3),
(126, 'โรงแรมชาร์ล็อต สมาร์ท ลพบุรี (The charlotte smart hotel lopburi)', '188/9 หมู่ 2 ตำบลท่าศาลา อำเภอเมืองลพบุรี, ลพบุรี 15000', 46, 3),
(127, 'โรงแรมวายเอสดับเบิลยู ลพบุรี (YSW HOTEL LOPBURI)', '99/98 หมู่ 3 โคกกะเทียม อำเภอเมืองลพบุรี, ลพบุรี 15160', 46, 3),
(128, 'O2 Hotel Lopburi', '120 หมู่ 4 ท่าศาลา อำเภอเมืองลพบุรี, ลพบุรี 15000', 46, 3),
(129, 'โรงแรมไชยแสง พาเลส (Chaisaeng Palace Hotel)', '982/9 ถนนวิไลจิตต์ ตำบลบางพุทรา อำเภอเมือง, สิงห์บุรี 16000', 47, 3),
(130, 'โรงแรม เซ็นทรัล พาร์ค (Central Park Hotel)', '172/2 หมู่ 1 ตำบลบางมัญ อำเภอเมืองสิงห์บุรี, สิงห์บุรี 16000', 47, 3),
(131, 'โกลเด้นดราก้อน รีสอร์ท (Golden Dragon Resort)', '71 หมู่ 11 ถนนบางระจันตัดใหม่ ตำบลต้นโพธิ์ อำเภอเมืองสิงห์บุรี, สิงห์บุรี 16000', 47, 3),
(132, 'โรงแรมเจ้าพระยาธารา ริเวอร์ไซด์ (Chaophayathara Riverside Hotel)', '1013 หมู่ 4 บ้านกล้วย เมืองชัยนาท, ชัยนาท 17000', 48, 3),
(133, 'ชัยนาท แกรนด์ โฮเทล (Chainat Grand Hote)', '309/30 ถนนพหลโยธิน ตำบลบ้านกล้วย อำเภอเมืองชัยนาท, ชัยนาท 17000', 48, 3),
(134, 'โรงแรมสองพันบุรี (Songphanburi Hotel)', '135/1 ถนนประชาธิปไตย ตำบลท่าพี่เลี้ยง อำเภอเมืองสุพรรณบุรี, สุพรรณบุรี 72000', 49, 3),
(135, 'เคทูกรีน โฮเทล (K2greenhotel )', '8/9 ถนนคูเมืองใต้ ตำบลรั้วใหญ่ อำเภอเมืองสุพรรณบุรี, สุพรรณบุรี 72000', 49, 3),
(136, 'ปุษยปุรี (Pusayapuri )', '939 หมู่ที่ 6 ถนนมาลัยแมน ตำบลอู่ทอง อำเภออู่ทอง, สุพรรณบุรี 72160', 49, 3),
(137, 'เดอะ เวย์ โฮเทล บ้านโป่ง (The Way hotel Ban Pong)', '118 หมู่ 5 ตำบลหนองอ้อ อำเภอบ้านโป่ง, ราชบุรี 70110', 50, 3),
(138, 'บ้านละมุน ราชบุรี (Baan Lamoon Ratchaburi)', '88 หมู่2 ตำบลบ้านไร่ อำเภอเมืองราชบุรี, ราชบุรี 70000', 50, 3),
(139, 'โรงแรมเลอเลิศ ราชบุรี (Le Lert Hotel Ratchaburi)', '8/88 วิศวเสนานิคม ตำบลหน้าเมือง อำเภอเมืองราชบุรี, ราชบุรี 70000', 50, 3),
(140, 'โรงแรมแกรนด์ อินเตอร์ (Grand Inter Hotel)', '19/99 หมู่2 ตำบล โคกขาม อำเภอเมืองสมุทรสาคร, สมุทรสาคร 74000', 51, 3),
(141, 'ซี พาร์ค (C PARK)', '9/5 หมู่ 6 ตำบลคลองมะเดื่อ อำเภอกระทุ่มแบน, สมุทรสาคร 74110', 51, 3),
(142, 'โรงแรมอลงกรณ์ บาย เอสบี (Alongkorn hotel by SB)', '541/15 ถนนเกษมสุขุม ตำบลแม่กลอง อำเภอเมืองสมุทรสงคราม, สมุทรสงคราม 75000', 52, 3),
(143, 'โรงแรมโคโค่วิว (Coco View Hotel)', '144 ถนนสมุทรสงคราม-บางแพ ตำบลแม่กลอง อำเภอเมืองสมุทรสงคราม, สมุทรสงคราม  75000', 52, 3),
(144, 'อัมพวารี (Amphawaree)', '124/44 ตำบลแม่กลอง อำเภอเมืองสมุทรสงคราม, สมุทรสงคราม 75000', 52, 3),
(145, 'โรงแรมซุปเปอร์ไฮเวย์ (Super Highway Hotel)', '159 หมู่ที่ 2 ตำบลสมอพลือ อำเภอบ้านลาด, เพชรบุรี 76150', 53, 3),
(146, 'โรงแรมเดอะพีช (The Peach Hotel)', '68/8 หมู่ 3 ตำบลบ้านหม้อ อำเภอเมืองเพชรบุรี, เพชรบุรี 76000', 53, 3),
(147, 'เจ เฮ้าส์ เพชรบุรี (J-House Phetchaburi )', '224 หมู่ 6 ซอยไทยเอื้ออุทิศ ถนนต้นมะม่วงหลังบิ๊กซีเพชรบุรี ตำบลต้นมะม่วง อำเภอเมืองเพชรบุรี, เพชรบุรี 76000', 53, 3),
(148, 'โรงแรมแซนด์แดนซ์ (Sand Dance Hotel)', 'ถนนเลียบชายทะเล ตำบลบ่อนอก อำเภอกุยบุรี, ประจวบคีรีขันธ์ 77210', 54, 3),
(149, 'ประจวบ แกรนด์ โฮเทล (Prachuap Grand Hotel)', '72 ถนนสละชีพ อำเภอเมืองประจวบคีรีขันธ์, ประจวบคีรีขันธ์ 77000', 54, 3),
(150, 'แอท ที บูทิก โฮเทล (@T Boutique Hotel)', '582 หมู่ 1 ตำบลคลองวาฬ อำเภอเมืองประจวบคีรีขันธ์, ประจวบคีรีขันธ์ 77000', 54, 3),
(151, 'iRabbit Hotel', '54 ถนนแจ้งพัฒนา ตำบลหน้าเมือง อำเภอเมืองปราจีนบุรี, ปราจีนบุรี 25000', 55, 3),
(152, 'โรงแรมแคนทารี กบินทร์บุรี (Kantary Hotel Kabinburi )', '349, 349 /2 หมู่ที่8 ตำบลเมืองเก่า อำเภอกบินทร์บุรี, ปราจีนบุรี 25240', 55, 3),
(153, 'โรงแรมนิทรา ราตรี (Nithra Ratree Hotel)', '770 บ้านสระดู่ หมู่ 6 ตำบลกบินทร์ อำเภอกบินทร์บุรี, ปราจีนบุรี 25110', 55, 3),
(154, 'พิลโล่ อินน์ ฉะเชิงเทรา (Pillow Inn Chachoengsao)', '883 หมู่ที่ 2 ถนนฉะเชิงเทรา - กบินทร์บุรี ตำบลเขาหินซ้อน อำเภอพนมสารคาม, ฉะเชิงเทรา 24120', 56, 3),
(155, 'โรงแรม เดอะ วิส (The Wish Hotel)', '56 ตำบลบางพระ อำเภอเมืองฉะเชิงเทรา ฉะเชิงเทรา 24000', 56, 3),
(156, 'ทีที เรสซิเดนซ์ (TT Residence)', '4/6 ตำบลบางขนาก อำเภอบางน้ำเปรี้ยว, ฉะเชิงเทรา 24150', 56, 3),
(157, 'โรงแรมเดอะ ลอฟต์ ซีไซด์ ศรีราชา (The Loft Seaside Sriracha Hotel)', '18 ถนนเจิมจอมพล ตำบลศรีราชา อำเภอศรีราชา, ชลบุรี 20110', 57, 3),
(158, 'โรงแรมโมริโนะ ศรีราชา (Morino Hotel Si Racha)', '279 หมู่1 ตำบลหนองขาม อำเภอศรีราชา, ชลบุรี 20230', 57, 3),
(159, 'Prime Time Hotel Bang Saen', '60 ถนนมิตรสัมพันธ์ ตำบลแสนสุข อำเภอเมืองชลบุรี, ชลบุรี 20130', 57, 3),
(160, 'โรงแรมคูด้าเอเชีย บางแสน (Kuda Asia Hotel Bang Saen)', '39/99 ถนนบางแสนสาย 4 เหนือ ตำบลแสนสุข อำเภอเมืองชลบุรี, ชลบุรี 20130', 57, 3),
(161, 'โรงแรมโกลเด้น ซิตี้ ระยอง (Golden City Rayong Hotel)', '530/1 ถนนสุขุมวิท ตำบลเนินพระ อำเภอเมืองระยอง, ระยอง 21000', 58, 3),
(162, 'โรงแรมพลายเพลย์ (Plaai Play Hotel)', '78/1 ถนนหลังวัดป่า ตำบลท่าประดู่ อำเภอเมืองระยอง, ระยอง 21000', 58, 3),
(163, 'โรงแรมพาวีน่า ระยอง (Phavina Hotel Rayong)', '28/26 หมู่ 3 ตำบลเนินพระ อำเภอเมืองระยอง, ระยอง 21000', 58, 3),
(164, 'บลู แรบบิต โฮเทล (Blue rabbit hotel)', '188 หมู่2 ถนนรักศักดิ์ชมูล ตำบลท่าช้าง อำเภอเมืองจันทบุรี, จันทบุรี 22000', 59, 3),
(165, 'โรงแรมริมน้ำกลางจันทร์ (Rimnaam Klangchan Hotel)', '54/15 ถนนมหาราช ตำบลตลาด อำเภอเมืองจันทบุรี, จันทบุรี 22000', 59, 3),
(166, 'นิวทราเวล ลอดจ์ (New Travel Lodge)', '14/5 ถนนรักศักดิ์ชมูล อำเภอเมืองจันทบุรี, จันทบุรี 22000 ', 59, 3),
(167, 'รงแรมทอสคาน่า ตราด (Hotel Toscana Trad)', '155/4 หมู่ 5 ตำบลหนองเสม็ด อำเภอเมืองตราด, ตราด 23000', 60, 3),
(168, 'ลิ คัลลา รีสอร์ท ตราด (Li CALLA Resort Trat)', '1169 หมู่ 1 ตำบลวังกระแจะ อำเภอเมืองตราด, ตราด 23000', 60, 3),
(169, 'ตราดธารา บูทิก โฮเทล (Trat Tara Boutique Hotel)', '159 หมู่ 3 ตำบลวังกระแจะ อำเภอเมืองตราด, ตราด 23000', 60, 3),
(170, 'โรงแรม สเตชัน วัน (Station ONE Hotel)', '41 ตำบลอรัญประเทศ อำเภออรัญประเทศ, สระแก้ว 27120', 61, 3),
(171, 'โรงแรมแอท บอร์เดอร์ (At Border Hotel)', '1 ตลาดโรงเกลือ (ติดชายแดนกัมพูชา) อำเภออรัญประเทศ, สระแก้ว 27120 ', 61, 3),
(172, 'โรงแรมโกลเด้นเฮ้าส์ สระแก้ว (Golden House Sa Kaeo)', '1/3 ถนนเทศบาล 31 ตำบลสระแก้ว อำเภอเมืองสระแก้ว, สระแก้ว 27000', 61, 3),
(173, 'โรงแรมสงขลาแต่แรก (Songkhla Tae Raek Antique Hotel)', '40 ถนนเพชรคีรี ตำบลบ่อยาง อำเภอเมืองสงขลา สงขลา 90000', 62, 3),
(174, 'โรงแรมโกลว์ รัตนา เพลส (Glow Rattana Place Hotel)', '19/8 ถนนปละท่า ตำบลบ่อยาง อำเภอเมืองสงขลา สงขลา 90000', 62, 3),
(175, 'พูลรดา บูทิก โฮเทล (Poolrada Boutique Hotel)', '185 หมู่ 1 ตำบลถลาง อำเภอถลาง ภูเก็ต 83110', 63, 3),
(176, 'โฮแรง ภูเก็ต ทาวน์ (Horange Phuket Town)', '57/3-9 ถนนภูเก็ต ตำบลตลาดใหญ่ อำเภอเมืองภูเก็ต ภูเก็ต 83000', 63, 3),
(177, 'วูโว่ ภูเก็ต ป่าตอง (Woovo Phuket Patong)', '25 ถนนราชปาทานุสรณ์ ตำบลป่าตอง อำเภอกะทู้ ภูเก็ต 83150', 63, 3),
(178, 'โรงแรมเดอะไวท์เพิร์ล (The White Pearl Hotel)', '28/5 ถนนกระบี่ ตำบลในเมือง อำเภอเมืองกระบี่ กระบี่ 81000', 64, 3),
(179, 'โรงแรมธาราพาร์ค วิว (Tharapark View Hotel)', '318 หมู่ 8 ตำบลไสไทย อำเภอเมืองกระบี่ กระบี่ 81000', 64, 3),
(180, 'โรงแรมจัสท์ ไฟน์ กระบี่ (Just Fine Krabi Hotel)', '2/8 ถนนมหาราช 10 ตำบลปากน้ำ อำเภอเมืองกระบี่ กระบี่ 81000', 64, 3),
(181, 'S.22 Hotel', '349/2 หมู่ 4 ถนนโฉลกรัฐ ตำบลมะขามเตี้ย อำเภอเมืองสุราษฎร์ธานี สุราษฎร์ธานี 84000', 65, 3),
(182, 'ไดมอนด์ พลาซ่า โฮเต็ล สุราษฎร์ธานี (Diamond Plaza Hotel Suratthani)', '83/27 หมู่ 2 ถนนศรีวิชัย ตำบลมะขามเตี้ย อำเภอเมืองสุราษฎร์ธานี สุราษฎร์ธานี84000', 65, 3),
(183, 'Marlin Hotel', '100/1 หมู่ 3 ซอยศรีวิชัย 1 ตำบลมะขามเตี้ย อำเภอเมืองสุราษฎร์ธานี สุราษฎร์ธานี 84000', 65, 3),
(184, 'นานา บีช โฮเต็ล (Nana Beach Hotel)', '10/2 หมู่ 8 หาดทุ่งวัวแล่น ตำบลสะพลี อำเภอปะทิว ชุมพร 86230', 66, 3),
(185, 'โรงแรมนานาบุรี (Nana Buri Hotel)', '355/9 ถนนประชาอุทิศ ตำบท่าตะเภา อำเภอเมืองชุมพร ชุมพร 86000', 66, 3),
(186, 'โรงแรม เซาท์เกต เรสสิเดนซ์ (Southgate Residence Hotel)', '155 หมู่ 6 ตำบลนาทุ่ง อำเภอเมืองชุมพร ชุมพร 86000', 66, 3),
(187, 'แลคอน-นอนบาย (laekhon-nonbai)', '56/2 ซอยหมู่บ้านพิกุลแก้ว ตำบลในเมือง อำเภอเมืองนครศรีธรรมราช นครศรีธรรมราช 80000', 67, 3),
(188, 'โรงแรมสการ์เลท (Hotel Scarlett)', '99/99 ถนนอ้อมค่ายวชิราวุธ ตำบลท่าวัง อำเภอเมืองนครศรีธรรมราช นครศรีธรรมราช 80000', 67, 3),
(189, 'โรงแรมปุระนคร (Pura Nakhon Hotel)', '342 ถนนราชนิคม ตำบลท่าวัง อำเภอเมืองนครศรีธรรมราช นครศรีธรรมราช 80000', 67, 3),
(190, 'โรงแรมเอสวัน ตรัง (S1 Trang Hotel )', '149/18 ถนนรัษฎา ตำบลทับเที่ยง อำเภอเมืองตรัง ตรัง 92000', 68, 3),
(191, 'Siritrang Boutique Hotel', '4/4 หมู่ 4 ตำบลบ้านโพธิ์ อำเภอเมืองตรัง ตรัง 92000', 68, 3),
(192, 'โรงแรมสินเกียรติบุรี (Sinkiat Buri Hotel)', '20 ถนนอภัยนุราชรำลึก อำเภอเมืองสตูล สตูล 91000', 69, 3),
(193, 'โรงแรมอินบล็อก (Innblog hotel )', '308 ตำบลปากน้ำ อำเภอละงู สตูล 91110', 69, 3),
(194, 'บลูมังกี้ ฮับแอนด์โฮเทล ระนอง (Blu Monkey Hub and Hotel Ranong)', 'เขานิเวศน์ 2 ตำบลเขานิเวศน์ อำเภอเมืองระนอง ระนอง 85000', 70, 3),
(195, 'โรงแรมสุข (Sook Hotel)', '283 ถนนเรืองราษฎร์ ตำบลเขานิเวศน์ อำเภอเมืองระนอง ระนอง 85000', 70, 3),
(196, 'The Galla Hotel', '293/88 ถนนเรืองราษฎร์ ตำบลเขานิเวศน์ อำเภอเมืองระนอง ระนอง 85000', 70, 3),
(197, 'โรงแรมภูงา (Phu Nga Hotel)', '45/65 หมู่ 3 ตำบลตากแดด อำเภอเมืองพังงา พังงา 82000', 71, 3),
(198, 'โรงแรมเลอ เอราวัณ พังงา (Le Erawan Phang Nga Hotel)', '67/8 หมู่ 3 ตำบลท้ายช้าง อำเภอเมืองพังงา พังงา 82000', 71, 3),
(199, 'ไวท์เฮาส์ (white house )', '701/9 ถนนเพชรเกษม ตำบลท้ายช้าง อำเภอเมืองพังงา พังงา 82000', 71, 3),
(200, 'โรงแรมบุรีสะเตง (BureeSateng Hotel)', '123/7 ถนนสาย 15 ตำบลสะเตงนอก อำเภอเมืองยะลา ยะลา 95000', 72, 3),
(201, 'โรงแรมเดอะ ลีนุกซ์ การ์เดน (อำเภอเมืองยะลา) (The Linux Garden Hotel (City Amphur Muang Yala))', '9 ถนนสันติสุข ซอย 3 อำเภอเมืองยะลา ยะลา 95000', 72, 3),
(202, 'Art Nara Hotel', '53/85 หมู่ 7 ตำบลโคกเคียน อำเภอเมืองนราธิวาส นราธิวาส 96000', 73, 3),
(203, 'โรงแรมนราพัตรา (Nara Pattra Hotel)', '18/34 ถนนประชาพัฒนา ตำบลบางนาค อำเภอเมืองนราธิวาส นราธิวาส 96000', 73, 3),
(204, 'โรงแรมอิมพีเรียล นราธิวาส (Imperial Narathiwat Hotel)', '260 ถนนพิชิตบำรุง ตำบลนางนาค อำเภอเมืองนราธิวาส นราธิวาส 96000', 73, 3),
(205, 'โรงแรมเดอะ วูดส์ ปัตตานี (The Wood Pattani Hotel)', '17/10 หมู่ 6 ถนนเจริญประดิษฐ์ ซอย 10 ตำบลรูสะมิแล อำเภอเมืองปัตตานี ปัตตานี 94000', 74, 3),
(206, 'ปัตตานีภิรมย์ บูทิก โฮเทล (Pattanipirom Boutique Hotel)', '245/93-95 หมู่ 6 ตำบลรูสะมิแล อำเภอเมืองปัตตานี ปัตตานี 94000', 74, 3);

-- --------------------------------------------------------

--
-- Table structure for table `hotel_images`
--

CREATE TABLE `hotel_images` (
  `image_id` int NOT NULL,
  `hotel_id` int NOT NULL,
  `image_path` varchar(255) NOT NULL
) ENGINE=InnoDB DEFAULT CHARSET=utf8mb4 COLLATE=utf8mb4_0900_ai_ci;

--
-- Dumping data for table `hotel_images`
--

INSERT INTO `hotel_images` (`image_id`, `hotel_id`, `image_path`) VALUES
(1, 23, '/hotel_main/src/img/hotel_img/hotel_gasser.jpg'),
(2, 35, '/hotel_main/src/img/hotel_img/hotel_centara.jpg'),
(3, 36, '/hotel_main/src/img/hotel_img/hotel_centre.jpg'),
(4, 37, '/hotel_main/src/img/hotel_img/hotel_anakin.jpg'),
(5, 34, '/hotel_main/src/img/hotel_img/hotel_shiba.jpg');

-- --------------------------------------------------------

--
-- Table structure for table `hotel_rooms`
--

CREATE TABLE `hotel_rooms` (
  `hotel_room_id` int NOT NULL,
  `hotel_id` int NOT NULL,
  `room_name` text,
  `room_type_id` int NOT NULL,
  `room_price` decimal(10,2) NOT NULL,
  `room_description` text
) ENGINE=InnoDB DEFAULT CHARSET=utf8mb4 COLLATE=utf8mb4_0900_ai_ci;

--
-- Dumping data for table `hotel_rooms`
--

INSERT INTO `hotel_rooms` (`hotel_room_id`, `hotel_id`, `room_name`, `room_type_id`, `room_price`, `room_description`) VALUES
(1, 23, 'ดีลักซ์ เตียงแฝด (Deluxe Twin Room)', 2, 1783.00, '1 เตียงคิงไซส์ ขนาดห้อง: 48 ตารางเมตร ห้องปลอดบุหรี่ ฝักบัว ฟรี! Wi-Fi'),
(2, 23, 'ดีลักซ์ (Deluxe Room)', 2, 1248.00, '1 เตียงใหญ่ ขนาดห้อง: 25 ตารางเมตร วิว: สวน ระเบียง/ชานเรือน ห้องปลอดบุหรี่ ฝักบัว ฟรี! Wi-Fi'),
(3, 23, 'วีไอพี (VIP Room)', 3, 1490.00, '1 เตียงคิงไซส์ และ 1 โซฟาเบด ขนาดห้อง: 31 ตารางเมตร วิว: สวน ระเบียง/ชานเรือน ห้องปลอดบุหรี่ ฝักบัว ฟรี! Wi-Fi'),
(4, 23, 'ห้องมาตรฐาน (Standard)', 1, 685.00, '1 เตียงใหญ่ ขนาดห้อง: 25 ตารางเมตร ระเบียง/ชานเรือน ห้องปลอดบุหรี่ ฝักบัว ฟรี! Wi-Fi'),
(5, 24, 'ดีลักซ์ สำหรับ 3 คน (Deluxe Triple Room)', 2, 1153.00, '1 เตียงเดี่ยว และ 1 เตียงใหญ่ ขนาดห้อง: 34 ตารางเมตร วิว: เมือง ห้องปลอดบุหรี่ ฝักบัว ฟรี! Wi-Fi'),
(6, 24, 'เพรซิเด็นเซียล สวีท (Presidential Suite)', 2, 2000.00, '1 เตียงเดี่ยว และ 1 เตียงใหญ่ ขนาดห้อง: 34 ตารางเมตร วิว: เมือง ห้องปลอดบุหรี่ ฝักบัว ฟรี! Wi-Fi'),
(7, 34, 'ห้องมาตรฐาน เตียงใหญ่ (Standard Double Room)', 1, 530.00, '1 เตียงคิงไซส์ ขนาดห้อง: 40 ตารางเมตร ห้องปลอดบุหรี่ ฝักบัว ฟรี! Wi-Fi'),
(8, 34, 'ห้องมาตรฐาน เตียงแฝด (Standard Twin Beds Room)', 1, 490.00, '2 เตียงเดี่ยว ขนาดห้อง: 40 ตารางเมตร ห้องปลอดบุหรี่ ฝักบัว ฟรี! Wi-Fi'),
(9, 35, 'ดีลักซ์ คิง (Deluxe King)', 2, 5580.00, '1 เตียงคิงไซส์ ขนาดห้อง: 32 ตารางเมตร ห้องปลอดบุหรี่ ฝักบัว ฟรี! Wi-Fi'),
(10, 35, 'ดีลักซ์ เตียงแฝด (Deluxe Twin)', 2, 7490.00, '2 เตียงเดี่ยว ขนาดห้อง: 32 ตารางเมตร ห้องปลอดบุหรี่ ฝักบัว ฟรี! Wi-Fi'),
(11, 35, 'สตูดิโอ คิง (Studio King)', 2, 5846.00, '1 เตียงคิงไซส์ ขนาดห้อง: 39 ตารางเมตร ระเบียง/ชานเรือน ห้องปลอดบุหรี่ ฝักบัวและอ่างอาบน้ำ ฟรี! Wi-Fi'),
(12, 35, 'เอ็กเซกคิวทีฟ สวีท เตียงคิงไซส์ (Executive Suite King)', 2, 9434.00, '1 เตียงคิงไซส์ ขนาดห้อง: 107 ตารางเมตร ระเบียง/ชานเรือน ห้องปลอดบุหรี่ ฝักบัวและอ่างอาบน้ำ ครัวขนาดเล็ก ฟรี! Wi-Fi'),
(13, 36, 'แกรนด์ ดีลักซ์ สวีท (Grand Deluxe Suite)', 2, 6750.00, '1 เตียงคิงไซส์ และ 1 โซฟาเบด ขนาดห้อง: 36 ตารางเมตร วิว: เมือง ห้องปลอดบุหรี่ ฝักบัว ฟรี! Wi-Fi'),
(14, 36, 'ดีลักซ์ เตียงแฝด (Deluxe Twin Beds)', 2, 6250.00, '2 เตียงเดี่ยว ขนาดห้อง: 31 ตารางเมตร วิว: เมือง ห้องปลอดบุหรี่ ฝักบัว ฟรี! Wi-Fi'),
(15, 36, 'ดีลักซ์ เตียงคิงไซส์ (Deluxe King Bed)', 2, 6250.00, '1 เตียงคิงไซส์ ขนาดห้อง: 31 ตารางเมตร วิว: เมือง ห้องปลอดบุหรี่ ฝักบัว ฟรี! Wi-Fi'),
(16, 36, 'ดีลักซ์ พรีเมียม เตียงแฝด (Deluxe Premium Twin Room)', 2, 6750.00, 'ขนาดห้อง: 31 ตารางเมตร วิว: เมือง ห้องปลอดบุหรี่ ฝักบัวและอ่างอาบน้ำ ฟรี! Wi-Fi'),
(17, 36, 'ห้องพรีเมียมดีลักซ์เตียงคิงไซส์ (Premium Deluxe King Room)', 2, 6750.00, '1 เตียงซูเปอร์คิงไซส์ ขนาดห้อง: 31 ตารางเมตร วิว: เมือง ห้องปลอดบุหรี่ ฝักบัวและอ่างอาบน้ำ ฟรี! Wi-Fi'),
(18, 37, 'ดีลักซ์ เตียงใหญ่ (Deluxe Double)', 2, 3046.00, '1 เตียงคิงไซส์ ขนาดห้อง: 36 ตารางเมตร วิว: ถนน ห้องปลอดบุหรี่ ฟรี! Wi-Fi'),
(19, 37, 'ซูพีเรีย เตียงใหญ่ (Superior Double)', 2, 2705.00, '1 เตียงคิงไซส์ ขนาดห้อง: 28 ตารางเมตร ห้องปลอดบุหรี่ ฝักบัว ฟรี! Wi-Fi'),
(20, 37, 'สวีท เตียงใหญ่ (Suite Double)', 2, 1783.00, '1 เตียงคิงไซส์ ขนาดห้อง: 48 ตารางเมตร ห้องปลอดบุหรี่ ฝักบัว ฟรี! Wi-Fi');

-- --------------------------------------------------------

--
-- Table structure for table `provinces`
--

CREATE TABLE `provinces` (
  `province_id` int NOT NULL,
  `province_name` varchar(50) NOT NULL,
  `region_id` int NOT NULL
) ENGINE=InnoDB DEFAULT CHARSET=utf8mb4 COLLATE=utf8mb4_0900_ai_ci;

--
-- Dumping data for table `provinces`
--

INSERT INTO `provinces` (`province_id`, `province_name`, `region_id`) VALUES
(1, 'เชียงใหม่', 1),
(2, 'เชียงราย', 1),
(3, 'ลำปาง', 1),
(4, 'ลำพูน', 1),
(5, 'แพร่', 1),
(6, 'น่าน', 1),
(7, 'พะเยา', 1),
(8, 'แม่ฮ่องสอน', 1),
(9, 'ตาก', 1),
(10, 'พิษณุโลก', 1),
(11, 'พิจิตร', 1),
(12, 'สุโขทัย', 1),
(13, 'อุตรดิตถ์', 1),
(14, 'อ่างทอง', 1),
(15, 'อุทัยธานี', 1),
(16, 'กำแพงเพชร', 1),
(17, 'นครสวรรค์', 1),
(18, 'เพชรบูรณ์', 1),
(19, 'ขอนแก่น', 2),
(20, 'อุดรธานี', 2),
(21, 'นครราชสีมา', 2),
(22, 'ร้อยเอ็ด', 2),
(23, 'ศรีสะเกษ', 2),
(24, 'มุกดาหาร', 2),
(25, 'อุบลราชธานี', 2),
(26, 'สกลนคร', 2),
(27, 'หนองคาย', 2),
(28, 'บึงกาฬ', 2),
(29, 'ชัยภูมิ', 2),
(30, 'กาฬสินธุ์', 2),
(31, 'นครพนม', 2),
(32, 'หนองบัวลำภู', 2),
(33, 'มหาสารคาม', 2),
(34, 'บุริรัมย์', 2),
(35, 'ยโสธร', 2),
(36, 'เลย', 2),
(37, 'ุสุรินทร์', 2),
(38, 'อำนาจเจริญ', 2),
(39, 'กรุงเทพมหานคร', 3),
(40, 'สมุทรปราการ', 3),
(41, 'นครปฐม', 3),
(42, 'ปทุมธานี', 3),
(43, 'อยุธยา', 3),
(44, 'นครนายก', 3),
(45, 'สระบุรี', 3),
(46, 'ลพบุรี', 3),
(47, 'สิงห์บุรี', 3),
(48, 'ชัยนาท', 3),
(49, 'สุพรรณบุรี', 3),
(50, 'ราชบุรี', 3),
(51, 'สมุทรสาคร', 3),
(52, 'สมุทรสงคราม', 3),
(53, 'เพชรบุรี', 3),
(54, 'ประจวบคีรีขันธ์', 3),
(55, 'ปราจีนบุรี ', 3),
(56, 'ฉะเชิงเทรา', 3),
(57, 'ชลบุรี ', 3),
(58, 'ระยอง', 3),
(59, 'จันทบุรี', 3),
(60, 'ตราด', 3),
(61, 'สระแก้ว', 3),
(62, 'สงขลา', 4),
(63, 'ภูเก็ต', 4),
(64, 'กระบี่', 4),
(65, 'สุราษฎร์ธานี', 4),
(66, 'ชุมพร', 4),
(67, 'นครศรีธรรมราช', 4),
(68, 'ตรัง', 4),
(69, 'สตูล', 4),
(70, 'ระนอง', 4),
(71, 'พังงา', 4),
(72, 'ยะลา', 4),
(73, 'นราธิวาส', 4),
(74, 'ปัตตานี', 4);

-- --------------------------------------------------------

--
-- Table structure for table `regions`
--

CREATE TABLE `regions` (
  `region_id` int NOT NULL,
  `region_name` varchar(50) NOT NULL
) ENGINE=InnoDB DEFAULT CHARSET=utf8mb4 COLLATE=utf8mb4_0900_ai_ci;

--
-- Dumping data for table `regions`
--

INSERT INTO `regions` (`region_id`, `region_name`) VALUES
(1, 'ภาคเหนือ'),
(2, 'ภาคตะวันออกเฉียงเหนือ'),
(3, 'ภาคกลาง'),
(4, 'ภาคใต้');

-- --------------------------------------------------------

--
-- Table structure for table `room_images`
--

CREATE TABLE `room_images` (
  `image_id` int NOT NULL,
  `hotel_room_id` int NOT NULL,
  `image_path` varchar(255) DEFAULT NULL,
  `is_primary` tinyint(1) DEFAULT '0'
) ENGINE=InnoDB DEFAULT CHARSET=utf8mb4 COLLATE=utf8mb4_0900_ai_ci;

--
-- Dumping data for table `room_images`
--

INSERT INTO `room_images` (`image_id`, `hotel_room_id`, `image_path`, `is_primary`) VALUES
(1, 1, '/hotel_main/src/img/room_img/gasser_twin.jpg', 0),
(2, 2, '/hotel_main/src/img/room_img/gasser_deluxe.jpg', 0),
(3, 3, '/hotel_main/src/img/room_img/gasser_vip.webp', 0),
(4, 4, '/hotel_main/src/img/room_img/gasser_standard.jpg', 0),
(5, 5, '/hotel_main/src/img/room_img/B2_deluxe.jpg', 0),
(6, 6, '/hotel_main/src/img/room_img/b2_suite.jpg', 0),
(7, 7, '/hotel_main/src/img/room_img/shiba_double.jpg', 0),
(8, 7, '/hotel_main/src/img/room_img/shiba_double_1.jpg', 1),
(9, 7, '/hotel_main/src/img/room_img/shiba_double_2.jpg', 0),
(10, 7, '/hotel_main/src/img/room_img/shiba_double_3.jpg', 0),
(11, 7, '/hotel_main/src/img/room_img/shiba_double_4.jpg', 0),
(12, 7, '/hotel_main/src/img/room_img/shiba_double_5.jpg', 0),
(13, 8, '/hotel_main/src/img/room_img/shiba_twin.jpg', 1),
(14, 8, '/hotel_main/src/img/room_img/shiba_twin_1.jpg', 0),
(15, 8, '/hotel_main/src/img/room_img/shiba_twin_2.jpg', 0),
(16, 8, '/hotel_main/src/img/room_img/shiba_twin_3.jpg', 0),
(17, 8, '/hotel_main/src/img/room_img/shiba_twin_4.jpg', 0),
(18, 9, '/hotel_main/src/img/room_img/centara_king.jpg', 1),
(19, 10, '/hotel_main/src/img/room_img/centara_twin.jpg', 0),
(20, 11, '/hotel_main/src/img/room_img/centara_studio.jpg', 0),
(21, 12, '/hotel_main/src/img/room_img/centara_exclusive.jpg', 0),
(22, 13, '/hotel_main/src/img/room_img/centre_suite.jpg', 0),
(23, 14, '/hotel_main/src/img/room_img/centre_twin.jpg', 0),
(24, 15, '/hotel_main/src/img/room_img/centre_pre_twin.jpg', 0),
(25, 16, '/hotel_main/src/img/room_img/centre_pre_king.jpg', 0),
(26, 17, '/hotel_main/src/img/room_img/centre_deluxe_king.jpg', 0),
(27, 18, '/hotel_main/src/img/room_img/anakin_deluxe.jpg', 0),
(28, 19, '/hotel_main/src/img/room_img/anakin_sup.jpg', 0),
(29, 20, '/hotel_main/src/img/room_img/anakin_suite.jpg', 0);

-- --------------------------------------------------------

--
-- Table structure for table `room_types`
--

CREATE TABLE `room_types` (
  `room_type_id` int NOT NULL,
  `room_type_name` varchar(50) NOT NULL
) ENGINE=InnoDB DEFAULT CHARSET=utf8mb4 COLLATE=utf8mb4_0900_ai_ci;

--
-- Dumping data for table `room_types`
--

INSERT INTO `room_types` (`room_type_id`, `room_type_name`) VALUES
(1, 'Standard Room'),
(2, 'Deluxe Room'),
(3, 'VIP Room');

-- --------------------------------------------------------

--
-- Table structure for table `users`
--

CREATE TABLE `users` (
  `user_id` int(5) UNSIGNED ZEROFILL NOT NULL,
  `username` varchar(100) NOT NULL,
  `email` varchar(100) NOT NULL,
  `password` varchar(100) NOT NULL,
  `created_at` timestamp NULL DEFAULT CURRENT_TIMESTAMP,
  `user_role` enum('admin','user') NOT NULL DEFAULT 'user'
) ENGINE=InnoDB DEFAULT CHARSET=utf8mb4 COLLATE=utf8mb4_0900_ai_ci;

--
-- Dumping data for table `users`
--

INSERT INTO `users` (`user_id`, `username`, `email`, `password`, `created_at`, `user_role`) VALUES
(00001, 'nawaphol.kh', 'nawaphol@gmail.com', '$2y$10$.zGCky0wtIHuM6sU4E.VPulWbhOSSOInLzJG254a1U4tQIJLjUy5y', '2025-02-16 13:41:59', 'admin'),
(00002, 'lqtae', 'starlocktv@gmail.com', '$2y$10$h1e..H7F9bOJdhw9g1Zh6Oq0tI/XNFXk.EDBn3bQD7mMT11jBIN/u', '2025-02-16 14:16:56', 'user'),
(00005, 'Admin', 'nawaphol@admin.com', '$2y$10$hEg3y45SxmGJ60dABB8CiOZ847sM4VwAP0bQMKizcth0FAaUyv3q.', '2025-02-16 16:29:57', 'admin');

--
-- Indexes for dumped tables
--

--
-- Indexes for table `hotels`
--
ALTER TABLE `hotels`
  ADD PRIMARY KEY (`hotel_id`),
  ADD KEY `province_id` (`province_id`);

--
-- Indexes for table `hotel_images`
--
ALTER TABLE `hotel_images`
  ADD PRIMARY KEY (`image_id`),
  ADD KEY `hotel_id` (`hotel_id`);

--
-- Indexes for table `hotel_rooms`
--
ALTER TABLE `hotel_rooms`
  ADD PRIMARY KEY (`hotel_room_id`),
  ADD KEY `room_type_id` (`room_type_id`),
  ADD KEY `hotel_id` (`hotel_id`);

--
-- Indexes for table `provinces`
--
ALTER TABLE `provinces`
  ADD PRIMARY KEY (`province_id`),
  ADD KEY `region_id` (`region_id`);

--
-- Indexes for table `regions`
--
ALTER TABLE `regions`
  ADD PRIMARY KEY (`region_id`);

--
-- Indexes for table `room_images`
--
ALTER TABLE `room_images`
  ADD PRIMARY KEY (`image_id`),
  ADD KEY `hotel_room_id` (`hotel_room_id`);

--
-- Indexes for table `room_types`
--
ALTER TABLE `room_types`
  ADD PRIMARY KEY (`room_type_id`);

--
-- Indexes for table `users`
--
ALTER TABLE `users`
  ADD PRIMARY KEY (`user_id`);

--
-- AUTO_INCREMENT for dumped tables
--

--
-- AUTO_INCREMENT for table `hotels`
--
ALTER TABLE `hotels`
  MODIFY `hotel_id` int NOT NULL AUTO_INCREMENT, AUTO_INCREMENT=207;

--
-- AUTO_INCREMENT for table `hotel_images`
--
ALTER TABLE `hotel_images`
  MODIFY `image_id` int NOT NULL AUTO_INCREMENT, AUTO_INCREMENT=6;

--
-- AUTO_INCREMENT for table `hotel_rooms`
--
ALTER TABLE `hotel_rooms`
  MODIFY `hotel_room_id` int NOT NULL AUTO_INCREMENT, AUTO_INCREMENT=21;

--
-- AUTO_INCREMENT for table `provinces`
--
ALTER TABLE `provinces`
  MODIFY `province_id` int NOT NULL AUTO_INCREMENT, AUTO_INCREMENT=75;

--
-- AUTO_INCREMENT for table `regions`
--
ALTER TABLE `regions`
  MODIFY `region_id` int NOT NULL AUTO_INCREMENT, AUTO_INCREMENT=5;

--
-- AUTO_INCREMENT for table `room_images`
--
ALTER TABLE `room_images`
  MODIFY `image_id` int NOT NULL AUTO_INCREMENT, AUTO_INCREMENT=30;

--
-- AUTO_INCREMENT for table `room_types`
--
ALTER TABLE `room_types`
  MODIFY `room_type_id` int NOT NULL AUTO_INCREMENT, AUTO_INCREMENT=4;

--
-- AUTO_INCREMENT for table `users`
--
ALTER TABLE `users`
  MODIFY `user_id` int(5) UNSIGNED ZEROFILL NOT NULL AUTO_INCREMENT, AUTO_INCREMENT=6;

--
-- Constraints for dumped tables
--

--
-- Constraints for table `hotels`
--
ALTER TABLE `hotels`
  ADD CONSTRAINT `hotels_ibfk_1` FOREIGN KEY (`province_id`) REFERENCES `provinces` (`province_id`);

--
-- Constraints for table `hotel_images`
--
ALTER TABLE `hotel_images`
  ADD CONSTRAINT `hotel_images_ibfk_1` FOREIGN KEY (`hotel_id`) REFERENCES `hotels` (`hotel_id`);

--
-- Constraints for table `hotel_rooms`
--
ALTER TABLE `hotel_rooms`
  ADD CONSTRAINT `hotel_rooms_ibfk_1` FOREIGN KEY (`room_type_id`) REFERENCES `room_types` (`room_type_id`),
  ADD CONSTRAINT `hotel_rooms_ibfk_2` FOREIGN KEY (`hotel_id`) REFERENCES `hotels` (`hotel_id`);

--
-- Constraints for table `provinces`
--
ALTER TABLE `provinces`
  ADD CONSTRAINT `provinces_ibfk_1` FOREIGN KEY (`region_id`) REFERENCES `regions` (`region_id`);

--
-- Constraints for table `room_images`
--
ALTER TABLE `room_images`
  ADD CONSTRAINT `room_images_ibfk_1` FOREIGN KEY (`hotel_room_id`) REFERENCES `hotel_rooms` (`hotel_room_id`);
COMMIT;

/*!40101 SET CHARACTER_SET_CLIENT=@OLD_CHARACTER_SET_CLIENT */;
/*!40101 SET CHARACTER_SET_RESULTS=@OLD_CHARACTER_SET_RESULTS */;
/*!40101 SET COLLATION_CONNECTION=@OLD_COLLATION_CONNECTION */;
